slug,article,file,suggested_alt_text
"cat-puns","Cat Puns","cat-puns.png","Orange cat lounging on a blank speech bubble beside balls of yarn."
"dog-puns","Dog Puns","dog-puns.png","Golden dog writing in a notebook and imagining playful adventures."
"fish-puns","Fish Puns","fish-puns.png","Laughing fish sharing visual jokes beside a lake."
"ice-cream-puns","Ice Cream Puns","ice-cream-puns.png","Smiling ice cream characters gathered around a cafe table."
"pizza-puns","Pizza Puns","pizza-puns.png","Laughing pizza slice entertaining a smiling whole pizza."
"taco-puns","Taco Puns","taco-puns.png","Three taco characters playing music and dancing."
"cheese-puns","Cheese Puns","cheese-puns.png","Cheese characters performing together as a cheerful band."
"coffee-puns","Coffee Puns","coffee-puns.png","Coffee cup and coffee bean giving each other a high five."
"tea-puns","Tea Puns","tea-puns.png","Smiling teapot pouring tea for cheerful teacup characters."
"beach-puns","Beach Puns","beach-puns.png","Starfish relaxing on a beach beside a sandcastle, crab and seagull."
"christmas-puns","Christmas Puns","christmas-puns.png","Santa laughing with a reindeer tangled in Christmas lights."
"halloween-puns","Halloween Puns","halloween-puns.png","Laughing pumpkin, ghost, black cat and skeleton on Halloween."
"thanksgiving-puns","Thanksgiving Puns","thanksgiving-puns.png","Cartoon turkeys gathered around a Thanksgiving feast."
"valentines-day-puns","Valentine's Day Puns","valentines-day-puns.png","Heart and envelope characters exchanging a Valentine."
"birthday-puns","Birthday Puns","birthday-puns.png","Birthday cake celebrating with a dog, cat, balloons and presents."
"craft-puns","Craft Puns","craft-puns.png","Craft supplies surrounding a young crafter imagining new projects."
"best-friend-puns","Best Friend Puns","best-friend-puns.png","Dog and cat hugging beside a lake at sunset."
"name-puns","Name Puns","name-puns.png","Blank name tags with animal characters and visual nickname ideas."
"puns-for-instagram-captions","Puns for Instagram Captions","puns-for-instagram-captions.png","Dog and cat posing for a camera with playful caption ideas."
"puns-for-kids","Puns for Kids","puns-for-kids.png","Children reading together and imagining animal and food wordplay."
"love-puns","Love Puns","love-puns.png","Pencil offering a rose to a smiling heart."
"funny-puns","Funny Puns","funny-puns.png","Owl writing jokes surrounded by laughing food and animal characters."
"dad-joke-puns","Dad Joke Puns","dad-joke-puns.png","Father telling visual jokes to laughing children and pets."
"best-puns","Best Puns of All Time","best-puns.png","Lightbulb surrounded by cheerful animals and visual pun ideas."
"what-is-a-pun","What Is a Pun? Definition, Meaning & Examples","what-is-a-pun.png","Owl explaining visual double meanings to a friendly lightbulb."
"types-of-puns","Types of Puns","types-of-puns.png","Owl teaching animals through several visual wordplay examples."
"how-to-write-a-pun","How to Write a Pun","how-to-write-a-pun.png","Writer brainstorming visual puns in a notebook beside a cat."
